{
    "reference": {
        "model": "coverage_mesh.obj",
        "dims": [
            51.40367612054746,
            80.05317818497906,
            97.27878376008157
        ],
        "min_bound": [
            25.298143777553634,
            15.00705581922401,
            -105.24886608851973
        ],
        "max_bound": [
            76.70181989810109,
            95.06023400420307,
            -7.9700823284381626
        ]
    },
    "files": {
        "cecum_t1_a_merged_all.ply": {
            "power_mode": {
                "raw_factor": 1.596705307876686,
                "power_factor": 1,
                "dims": [
                    37.41947131562745,
                    36.78562450994785,
                    78.43841998189447
                ]
            },
            "relative_factor": 1.596705307876686,
            "total_factor": 1.596705307876686
        }
    }
}