{
    "reference": {
        "model": "coverage_mesh.obj",
        "dims": [
            51.39863249293385,
            80.05060243959201,
            97.33540526675462
        ],
        "min_bound": [
            25.304128784765076,
            15.010940748028716,
            -105.30638001800696
        ],
        "max_bound": [
            76.70276127769893,
            95.06154318762073,
            -7.970974751252343
        ]
    },
    "files": {
        "cecum_t1_a_2_merged_all.ply": {
            "power_mode": {
                "raw_factor": 1.5259385211361323,
                "power_factor": 1,
                "dims": [
                    40.041455624355045,
                    38.94567154046305,
                    78.57631312167392
                ]
            },
            "relative_factor": 1.5259385211361323,
            "total_factor": 1.5259385211361323
        }
    }
}